Country,Region,Income Group,Population2000,Population2010,Population2018,Area,GDP2000,GDP2010,GDP2018,Expectancy2000,Expectancy2010,Expectancy2018,Fertility2000,Fertility2010,Fertility2018
Afghanistan,South Asia,Low income,20779953.0,29185507.0,37172386.0,652860.0,,543.303041863931,493.750418116312,55.841,61.028,64.486,7.485,5.977,4.473
Albania,Europe & Central Asia,Upper middle income,3089027.0,2913021.0,2866376.0,28750.0,1126.68331762741,4094.3503344202004,5284.38018438156,73.955,76.562,78.458,2.157,1.66,1.617
Algeria,Middle East & North Africa,Lower middle income,31042235.0,35977455.0,42228429.0,2381740.0,1765.0221981750303,4479.34171958005,4153.73397805915,70.64,74.938,76.693,2.5140000000000002,2.86,3.023
American Samoa,East Asia & Pacific,Upper middle income,57821.0,56079.0,55465.0,200.0,,10271.2245225485,11466.6907058505,,,,,,
Andorra,Europe & Central Asia,High income,65390.0,84449.0,77006.0,470.0,21854.2468030614,40852.666777443395,41793.0552583729,,,,,1.27,
Angola,Sub-Saharan Africa,Lower middle income,16395473.0,23356246.0,30809762.0,1246700.0,556.836318086553,3587.88379824396,3289.64666408633,46.522,55.35,60.782,6.638999999999999,6.194,5.519
Antigua and Barbuda,Latin America & Caribbean,High income,76016.0,88028.0,96286.0,440.0,10871.0057141966,13049.257054573502,16672.744239576397,73.94,75.82300000000001,76.885,2.2,1.9880000000000002,1.994
Argentina,Latin America & Caribbean,Upper middle income,36870787.0,40788453.0,44494502.0,2780400.0,7708.1009960541405,10385.964431955501,11633.498008646498,73.57600000000001,75.278,76.52,2.542,2.346,2.261
Armenia,Europe & Central Asia,Upper middle income,3069591.0,2877319.0,2951776.0,29740.0,622.742139063498,3218.37270660563,4220.4902767124895,71.40899999999999,73.331,74.945,1.6480000000000001,1.722,1.755
Aruba,Latin America & Caribbean,High income,90853.0,101669.0,105845.0,180.0,20620.7006259175,23512.602595639702,,73.78699999999999,75.017,76.152,1.8719999999999999,1.768,1.896
Australia,East Asia & Pacific,High income,19153000.0,22031750.0,24982688.0,7741220.0,21679.2478424147,52022.125596187594,57354.9640455891,79.2341463414634,81.6951219512195,82.74878048780491,1.756,1.9280000000000002,1.74
Austria,Europe & Central Asia,High income,8011566.0,8363404.0,8840521.0,83879.00390625,24564.4582948404,46858.0432733717,51478.2852619277,78.12682926829271,80.58048780487809,81.6926829268293,1.36,1.44,1.47
Azerbaijan,Europe & Central Asia,Upper middle income,8048600.0,9054332.0,9939771.0,86600.0,655.097432602586,5842.805783585761,4739.841710283929,66.763,70.938,72.86399999999999,2.0,1.92,1.73
"Bahamas, The",Latin America & Caribbean,High income,298051.0,354942.0,385640.0,13880.0,27097.6108115725,28443.4076553352,33767.5033710196,71.914,72.14399999999999,73.752,2.073,1.865,1.7519999999999998
Bahrain,Middle East & North Africa,High income,664611.0,1240860.0,1569439.0,778.000030517578,13636.3962320368,20722.1372891347,23991.05667694,74.44,76.057,77.163,2.795,2.164,1.9869999999999999
Bangladesh,South Asia,Lower middle income,127657854.0,147575430.0,161356039.0,147630.0,418.068968311378,781.153593557047,1698.3503942812197,65.447,69.881,72.32,3.1689999999999996,2.324,2.036
Barbados,Latin America & Caribbean,High income,271515.0,282131.0,286641.0,430.0,11268.254055945301,16056.3709766031,17745.1934649963,77.16199999999999,78.36399999999999,79.081,1.775,1.6869999999999998,1.619
Belarus,Europe & Central Asia,Upper middle income,9979610.0,9490583.0,9483499.0,207600.0,1276.2880340999998,6029.3967998293,6330.0752464187,68.9121951219512,70.4048780487805,74.1756097560976,1.317,1.494,1.4480000000000002
Belgium,Europe & Central Asia,High income,10251250.0,10895586.0,11427054.0,30530.0,23041.534729042796,44141.8781415734,47583.0749405066,77.7219512195122,80.1829268292683,81.5951219512195,1.67,1.86,1.62
Belize,Latin America & Caribbean,Upper middle income,247315.0,322464.0,383071.0,22970.0,3364.33293572974,4270.86434454699,4884.7341615523,68.847,72.057,74.49600000000001,3.6010000000000004,2.69,2.307
Benin,Sub-Saharan Africa,Lower middle income,6865951.0,9199259.0,11485048.0,114760.0,511.40022696310996,1036.5339516446902,1240.82946441954,55.391000000000005,59.318000000000005,61.47,5.962000000000001,5.362,4.836
Bermuda,North America,High income,61833.0,65124.0,63920.0,4290.0,56284.168647809405,101875.28407346,113021.417396746,77.8853658536585,79.2885365853658,81.6517073170732,1.74,1.76,1.6
Bhutan,South Asia,Lower middle income,591021.0,685503.0,754394.0,38393.9990234375,718.187830716068,2258.18314115595,3243.48603638229,60.88399999999999,68.384,71.46,3.515,2.301,1.975
Bolivia,Latin America & Caribbean,Lower middle income,8418264.0,10048590.0,11353142.0,1098580.0,997.5824598868351,1955.46154376367,3548.59015508448,62.452,68.007,71.23899999999999,4.051,3.213,2.73
Bosnia and Herzegovina,Europe & Central Asia,Upper middle income,3751176.0,3705472.0,3323929.0,51210.0,1467.77647716048,4635.51777931783,6072.184622853039,74.403,76.031,77.262,1.4969999999999999,1.315,1.265
Botswana,Sub-Saharan Africa,Upper middle income,1643334.0,1987105.0,2254126.0,581730.0,3522.30867806396,6434.815723553311,8279.60173877574,50.629,60.211000000000006,69.275,3.304,3.022,2.8739999999999997
Brazil,Latin America & Caribbean,Upper middle income,174790340.0,195713635.0,209469333.0,8515770.0,3749.7532499616796,11286.2430162457,9001.23424863499,70.116,73.619,75.672,2.3,1.796,1.73
British Virgin Islands,Latin America & Caribbean,High income,20311.0,27794.0,29802.0,150.0,,,,,,,,,
Brunei Darussalam,East Asia & Pacific,High income,333165.0,388646.0,428962.0,5770.0,18012.5562597047,35269.5531076448,31628.328791434902,72.809,74.74,75.722,2.346,1.9369999999999998,1.848
Bulgaria,Europe & Central Asia,Upper middle income,8170172.0,7395599.0,7025037.0,111000.0,1621.2429608024697,6812.4063384540195,9427.73043039881,71.66341463414629,73.5121951219512,74.9634146341464,1.26,1.57,1.56
Burkina Faso,Sub-Saharan Africa,Low income,11607942.0,15605217.0,19751535.0,274220.0,254.71752910271,647.835846453449,813.096848960038,50.489,57.096000000000004,61.174,6.5920000000000005,5.867000000000001,5.189
Burundi,Sub-Saharan Africa,Low income,6378871.0,8675602.0,11175378.0,27830.0,136.46397080033998,234.23564687499902,271.752044376648,49.091,57.228,61.247,6.92,6.178999999999999,5.41
Cabo Verde,Sub-Saharan Africa,Lower middle income,428188.0,492654.0,543767.0,4030.0,1259.3236560258802,3378.2548595003495,3617.3274887318203,68.583,71.062,72.782,3.5389999999999997,2.5810000000000004,2.274
Cambodia,East Asia & Pacific,Lower middle income,12155239.0,14312212.0,16249798.0,181040.0,302.577163565133,785.502282874113,1512.12670972847,58.431999999999995,66.56,69.57,3.805,2.875,2.503
Cameroon,Sub-Saharan Africa,Lower middle income,15513945.0,20341241.0,25216237.0,475440.0,649.991845405048,1286.51557161767,1534.49370193468,50.993,55.101000000000006,58.92100000000001,5.58,5.111000000000001,4.572
Canada,North America,High income,30685730.0,34004889.0,37057765.0,9984670.0,24190.2496150045,47448.0132198383,46313.17137129611,79.1365853658537,81.2463414634146,81.94878048780491,1.4880000000000002,1.6269,1.4988
Cayman Islands,Latin America & Caribbean,High income,42303.0,56672.0,64174.0,260.0,,73351.75776478,85975.0247395242,,82.19024390243901,,,,
Central African Republic,Sub-Saharan Africa,Low income,3640427.0,4386768.0,4666377.0,622980.0,251.206877406698,488.421401781569,475.95360987194505,44.19,47.312,52.805,5.5,5.215,4.721
Chad,Sub-Saharan Africa,Low income,8355654.0,11952136.0,15477751.0,1284000.0,165.762986567833,892.568720336954,726.149881109447,47.713,50.89,53.977,7.354,6.5920000000000005,5.747000000000001
Channel Islands,Europe & Central Asia,High income,148443.0,159734.0,170499.0,197.999992370605,43381.6578397785,,,79.03699999999999,81.483,82.928,1.526,1.585,1.51
Chile,Latin America & Caribbean,High income,15342353.0,17062536.0,18729160.0,756700.0,5074.90162375009,12808.034586422,15924.794239306399,76.366,78.779,80.042,2.055,1.8840000000000001,1.649
China,East Asia & Pacific,Upper middle income,1262645000.0,1337705000.0,1392730000.0,9562910.0,959.372483639691,4550.4531077571,9976.67713725865,71.39699999999999,74.40899999999999,76.704,1.5959999999999999,1.6269999999999998,1.69
Colombia,Latin America & Caribbean,Upper middle income,39629965.0,45222699.0,49661056.0,1141748.984375,2520.48108876016,6336.709473984661,6716.91159778134,72.945,75.42399999999999,77.109,2.572,1.992,1.807
Comoros,Sub-Saharan Africa,Lower middle income,542357.0,689692.0,832322.0,1861.0000610351601,645.8186908020559,1316.4988481055198,1415.95531263535,59.46,61.861999999999995,64.118,5.3839999999999995,4.754,4.205
"Congo, Dem. Rep.",Sub-Saharan Africa,Low income,47105826.0,64563854.0,84068091.0,2344860.0,405.21625299166,334.021572573152,557.064418324276,50.041000000000004,56.909,60.368,6.751,6.544,5.919
"Congo, Rep.",Sub-Saharan Africa,Lower middle income,3127411.0,4273731.0,5244363.0,342000.0,1029.57703685039,3076.5612533414196,2577.7017050415197,52.123000000000005,60.093,64.29,4.871,4.765,4.428
Costa Rica,Latin America & Caribbean,Upper middle income,3962372.0,4577378.0,4999441.0,51100.0,3772.87001153149,8141.913126754609,12112.1344206452,77.452,78.76899999999999,80.095,2.363,1.885,1.754
Côte d'Ivoire,Sub-Saharan Africa,Lower middle income,16454668.0,20532950.0,25069229.0,322460.0,651.305906791064,1213.1126450644301,2314.05068144953,49.635,52.964,57.422,5.87,5.088,4.649
Croatia,Europe & Central Asia,High income,4468302.0,4295427.0,4087843.0,56590.0,4841.58673269484,13949.326497497701,15014.0850191716,72.8078048780488,76.4756097560976,78.0707317073171,1.39,1.55,1.47
Cuba,Latin America & Caribbean,Upper middle income,11126430.0,11225832.0,11338138.0,109880.0,2747.0985751943804,5730.354774594879,8821.81889125004,76.699,78.33800000000001,78.726,1.6030000000000002,1.6469999999999998,1.618
Curaçao,Latin America & Caribbean,High income,133860.0,148703.0,159800.0,,,,19573.892645136002,,,,,2.2,1.7
Cyprus,Europe & Central Asia,High income,943290.0,1112612.0,1189265.0,9250.0,14388.348060991699,31023.6383309791,28689.706722579198,78.009,79.43,80.828,1.716,1.4240000000000002,1.329
Czech Republic,Europe & Central Asia,High income,10255063.0,10474410.0,10629928.0,78870.0,6029.038192753579,19960.0684872157,23415.8436273041,74.9682926829268,77.42439024390251,79.0292682926829,1.15,1.51,1.71
Denmark,Europe & Central Asia,High income,5339616.0,5547683.0,5793636.0,42920.0,30743.547681635402,58041.398436338495,61598.536704393606,76.5926829268293,79.1,80.95365853658541,1.77,1.87,1.73
Djibouti,Middle East & North Africa,Lower middle income,717584.0,840198.0,958920.0,23200.0,768.1760767471201,1343.2687299443699,3141.88921873893,57.022,60.062,66.582,4.484,3.3,2.728
Dominica,Latin America & Caribbean,Upper middle income,69650.0,70878.0,71625.0,750.0,4787.78017069474,6967.26665433457,7693.878870144141,,,,,,
Dominican Republic,Latin America & Caribbean,Upper middle income,8471321.0,9695121.0,10627165.0,48670.0,2869.1058607235,5555.3897219561095,8050.63044036673,69.429,72.046,73.892,2.839,2.503,2.346
Ecuador,Latin America & Caribbean,Upper middle income,12681123.0,15011117.0,17084357.0,256370.0,1445.27932442901,4633.59035839904,6295.93539868079,72.76100000000001,75.089,76.8,3.102,2.615,2.427
"Egypt, Arab Rep.",Middle East & North Africa,Lower middle income,68831561.0,82761235.0,98423595.0,1001450.0,1450.4762424329801,2645.96904651925,2537.1253654904,68.602,70.34899999999999,71.825,3.34,3.233,3.326
El Salvador,Latin America & Caribbean,Lower middle income,5887936.0,6183875.0,6420744.0,21040.0,2001.5380092446699,2983.2297709769396,4067.6594488115397,68.875,71.21,73.096,3.022,2.265,2.039
Equatorial Guinea,Sub-Saharan Africa,Upper middle income,606181.0,943639.0,1308974.0,28050.0,1725.5547376752402,17288.8595992193,10144.1958108456,53.278999999999996,55.622,58.402,5.834,5.209,4.513
Eritrea,Sub-Saharan Africa,Low income,2292416.0,3170435.0,,117600.0,308.13378356477,501.35563326624606,,55.273,62.193000000000005,65.941,5.321000000000001,4.571000000000001,4.056
Estonia,Europe & Central Asia,High income,1396985.0,1331475.0,1321977.0,45340.0,4075.9706385107106,14790.8209234701,23170.7073775514,70.41707317073171,75.4292682926829,78.24390243902441,1.36,1.72,1.67
Ethiopia,Sub-Saharan Africa,Low income,66224804.0,87639964.0,109224559.0,1104300.0,124.46080027176201,341.554114905179,771.523813864476,51.941,61.626999999999995,66.24,6.542999999999999,5.136,4.247
Faroe Islands,Europe & Central Asia,High income,46735.0,47814.0,48497.0,1396.00006103516,22653.316046635202,48530.2338492813,64269.704254102806,78.4341463414634,80.5878048780488,82.5487804878049,2.6,2.5,2.5
Fiji,East Asia & Pacific,Upper middle income,811006.0,859818.0,883483.0,18270.0,2076.5687843164897,3652.52743714193,6317.4878527697,65.687,66.655,67.34100000000001,3.09,2.752,2.7739999999999996
Finland,Europe & Central Asia,High income,5176209.0,5363352.0,5515525.0,338450.0,24285.4668205162,46459.973254854296,50030.877310650096,77.4658536585366,79.87073170731709,81.7341463414634,1.73,1.87,1.41
France,Europe & Central Asia,High income,60912500.0,65027507.0,66965912.0,549086.9921875,22364.0293943406,40638.33400426,41631.0907389044,79.05609756097559,81.66341463414629,82.7243902439024,1.89,2.03,1.88
French Polynesia,East Asia & Pacific,High income,240686.0,266455.0,277679.0,4000.0,14323.820820245,,,72.303,75.611,77.462,2.463,2.095,1.9409999999999998
Gabon,Sub-Saharan Africa,Upper middle income,1228360.0,1624140.0,2119275.0,267670.0,4125.71666351713,8849.355299715071,7956.6278155868595,58.263999999999996,61.4,66.187,4.533,4.146,3.969
"Gambia, The",Sub-Saharan Africa,Low income,1317703.0,1793196.0,2280102.0,11300.0,594.1516429886669,860.637873688125,732.717513775219,55.956,59.637,61.735,5.879,5.582999999999999,5.218999999999999
Georgia,Europe & Central Asia,Upper middle income,4077131.0,3786695.0,3726549.0,69700.0,749.908523611591,3233.29594347421,4722.78778321766,69.902,71.46,73.6,1.608,1.911,2.06
Germany,Europe & Central Asia,High income,82211508.0,81776930.0,82905782.0,357580.0,23635.929220397702,41531.934197868904,47810.507670634805,77.9268292682927,79.9878048780488,80.8926829268293,1.38,1.39,1.57
Ghana,Sub-Saharan Africa,Lower middle income,19278856.0,24779619.0,29767108.0,238540.0,258.47095948786,1299.3449494603901,2202.31216442504,57.001999999999995,61.03,63.78,4.8260000000000005,4.273,3.87
Gibraltar,Europe & Central Asia,High income,31077.0,33585.0,33718.0,10.0,,,,,,,,,
Greece,Europe & Central Asia,High income,10805808.0,11121341.0,10732882.0,131960.0,12042.9537140472,26917.758954907702,20324.304991781202,77.8878048780488,80.3878048780488,81.7878048780488,1.25,1.48,1.35
Greenland,Europe & Central Asia,High income,56200.0,56905.0,56023.0,410450.0,19004.1072910304,43988.3324931946,54470.956386425496,66.9634146341463,70.85707317073171,,2.329,2.195,2.0
Grenada,Latin America & Caribbean,Upper middle income,102833.0,106233.0,111454.0,340.0,5057.173965267671,7257.756622323191,10485.9071571796,72.648,72.867,72.384,2.582,2.24,2.063
Guam,East Asia & Pacific,High income,155329.0,159444.0,165768.0,540.0,,30700.4340081784,35712.5621350321,75.01100000000001,77.941,79.859,2.824,2.488,2.313
Guatemala,Latin America & Caribbean,Upper middle income,11589761.0,14259687.0,16346950.0,108890.0,1664.2989582704502,2898.94221470448,4472.89237082577,67.84899999999999,71.48100000000001,74.063,4.598,3.375,2.87
Guinea,Sub-Saharan Africa,Low income,8240730.0,10192176.0,12414318.0,245860.0,363.482478999068,672.424402562443,878.599613250501,51.203,56.861000000000004,61.185,6.082000000000001,5.336,4.7
Guinea-Bissau,Sub-Saharan Africa,Low income,1201301.0,1522599.0,1874309.0,36130.0,308.14411929370897,558.176134508158,778.349910210043,50.368,54.628,58.003,5.82,5.0489999999999995,4.476
Guyana,Latin America & Caribbean,Upper middle income,746715.0,749436.0,779004.0,214970.0,954.404152491261,4580.66246237575,6145.8424106799,65.242,68.059,69.774,3.017,2.655,2.4619999999999997
Haiti,Latin America & Caribbean,Low income,8463806.0,9949322.0,11123176.0,27750.0,811.533974153575,1172.09854332066,1435.35175551073,57.131,60.511,63.66,4.343999999999999,3.427,2.935
Honduras,Latin America & Caribbean,Lower middle income,6574509.0,8317470.0,9587522.0,112490.0,1080.46212866245,1904.34646496881,2505.7767518956,70.689,73.317,75.08800000000001,4.237,2.957,2.46
"Hong Kong SAR, China",East Asia & Pacific,High income,6665000.0,7024200.0,7451000.0,1110.0,25756.6637783278,32549.998231121,48543.400990573304,80.87804878048779,82.9780487804878,84.9341463414634,1.032,1.127,1.072
Hungary,Europe & Central Asia,High income,10210971.0,10000023.0,9775564.0,93030.0,4624.2816567029495,13191.621264469599,16410.187263968302,71.2463414634146,74.2073170731707,76.0658536585366,1.32,1.25,1.55
Iceland,Europe & Central Asia,High income,281205.0,318041.0,352721.0,103000.0,32018.063699526698,43024.9234930663,72968.7042280499,79.65365853658541,81.89756097560971,82.8609756097561,2.08,2.2,1.71
India,South Asia,Lower middle income,1056575549.0,1234281170.0,1352617328.0,3287259.0625,443.31419339174005,1357.56371913262,2005.8630045240302,62.505,66.693,69.416,3.3110000000000004,2.5810000000000004,2.222
Indonesia,East Asia & Pacific,Upper middle income,211513823.0,241834215.0,267663435.0,1913580.0,780.1902009865789,3122.3628152164897,3893.8464247557104,65.77199999999999,69.205,71.509,2.512,2.483,2.311
"Iran, Islamic Rep.",Middle East & North Africa,Upper middle income,65623405.0,73762519.0,81800269.0,1745150.0,1670.00946997849,6599.66093791004,5550.06095701484,70.176,73.905,76.479,2.0669999999999997,1.839,2.137
Iraq,Middle East & North Africa,Upper middle income,23497585.0,29741976.0,38433600.0,435051.9921875,,4655.42499467885,5834.1662106535205,69.082,68.567,70.454,4.94,4.343,3.6719999999999997
Ireland,Europe & Central Asia,High income,3805174.0,4560155.0,4867316.0,70280.0,26241.3646146973,48715.1769134801,78621.2279310086,76.5365853658537,80.74390243902441,82.25609756097559,1.89,2.05,1.75
Isle of Man,Europe & Central Asia,High income,76941.0,84857.0,84077.0,570.0,20322.9461485526,69766.5211886388,89108.4281417659,,,,,,
Israel,Middle East & North Africa,High income,6289000.0,7623600.0,8882800.0,22070.0,21043.5749244436,30693.5930646542,41719.7254385703,78.95365853658541,81.60243902439029,82.8024390243903,2.95,3.03,3.09
Italy,Europe & Central Asia,High income,56942108.0,59277417.0,60421760.0,301340.0,20087.5919858794,36000.5201179254,34615.7568910987,79.7780487804878,82.0365853658537,83.34634146341459,1.26,1.46,1.29
Jamaica,Latin America & Caribbean,Upper middle income,2654701.0,2810460.0,2934855.0,10990.0,3384.6948609054602,4704.05445468166,5354.2368587703,74.142,74.038,74.368,2.577,2.173,1.979
Japan,East Asia & Pacific,High income,126843000.0,128070000.0,126529100.0,377970.0,38532.0408752935,44507.6763859172,39159.4235633952,81.07609756097558,82.8426829268293,84.2109756097561,1.359,1.39,1.42
Jordan,Middle East & North Africa,Upper middle income,5122493.0,7261539.0,9956011.0,89320.0,1651.62244254198,3736.6464938585204,4312.18011672108,71.73,73.428,74.405,4.109,3.6310000000000002,2.761
Kazakhstan,Europe & Central Asia,Upper middle income,14883626.0,16321872.0,18276498.5,2724901.875,1229.00095844501,9070.48825285747,9812.60140498928,65.5170731707317,68.29536585365851,73.15,1.8,2.6,2.84
Kenya,Sub-Saharan Africa,Lower middle income,31964557.0,42030676.0,51393010.0,580370.0,397.482658777519,951.687961116879,1707.9868052900301,50.92100000000001,60.958999999999996,66.342,5.178,4.369,3.492
Kiribati,East Asia & Pacific,Lower middle income,84396.0,102927.0,115847.0,810.0,796.888174759841,1516.81186907787,1698.2562862673901,63.144,65.76899999999999,68.116,4.058,3.843,3.569
"Korea, Dem. People's Rep.",East Asia & Pacific,Low income,22929075.0,24548836.0,25549819.0,120540.0,,,,65.268,69.571,72.095,1.9909999999999999,1.9380000000000002,1.9040000000000001
"Korea, Rep.",East Asia & Pacific,High income,47008111.0,49554112.0,51606633.0,100339.00390625,12256.9935679503,23087.225643847596,33422.9442100836,75.909756097561,80.1170731707317,82.62682926829271,1.4669999999999999,1.226,0.977
Kosovo,Europe & Central Asia,Upper middle income,1700000.0,1775680.0,1797085.0,,1087.76240120887,3286.55744309904,4419.91432698449,67.9512195121951,69.9,72.1951219512195,2.95,2.29,2.0
Kuwait,Middle East & North Africa,High income,2045123.0,2991884.0,4137312.0,17820.0,18440.3785212446,38577.4982788212,33994.3819171507,73.142,74.358,75.398,2.845,2.234,2.082
Kyrgyz Republic,Europe & Central Asia,Lower middle income,4898400.0,5447900.0,6322800.0,199950.0,279.619569260939,880.037775119109,1308.14016549619,68.5585365853659,69.3,71.4,2.4,3.1,3.3
Lao PDR,East Asia & Pacific,Lower middle income,5323700.0,6249165.0,7061507.0,236800.0,325.18699822584597,1140.59920478703,2542.4865281792,58.803000000000004,64.306,67.61,4.311,3.1430000000000002,2.667
Latvia,Europe & Central Asia,High income,2367550.0,2097555.0,1927174.0,64490.0,3357.58643573855,11383.5224134721,17858.2799784486,70.31463414634149,73.4829268292683,74.78292682926829,1.25,1.36,1.6
Lebanon,Middle East & North Africa,Upper middle income,3842778.0,4953061.0,6848925.0,10450.0,4491.63725889302,7761.6461905722,8024.803270813871,74.507,78.36,78.875,2.405,1.966,2.0869999999999997
Lesotho,Sub-Saharan Africa,Lower middle income,2032804.0,1995581.0,2108132.0,30360.0,436.488351988266,1137.27570035638,1221.88376322756,47.691,45.1,53.705,3.792,3.302,3.141
Liberia,Sub-Saharan Africa,Low income,2848456.0,3891356.0,4818977.0,111370.0,306.832894733147,513.445698620224,677.322178545363,51.733999999999995,59.6,63.73,5.8660000000000005,4.971,4.315
Libya,Middle East & North Africa,Upper middle income,5357891.0,6197663.0,6678567.0,1759540.0,7142.77445181509,12064.780692421798,7877.122250618841,70.852,72.044,72.72399999999999,2.8510000000000004,2.478,2.24
Liechtenstein,Europe & Central Asia,High income,33184.0,35994.0,37910.0,160.0,74853.938729354,141200.380010278,181402.83002981,76.8268292682927,81.8414634146342,83.0414634146342,1.57,1.4,1.58
Lithuania,Europe & Central Asia,High income,3499536.0,3097282.0,2801543.0,65286.0009765625,3293.22997867086,11990.663017763301,19176.1765182085,72.0195121951219,73.2682926829268,75.6804878048781,1.39,1.5,1.63
Luxembourg,Europe & Central Asia,High income,436300.0,506953.0,607950.0,2590.0,48735.995492187,104965.30607826699,116654.26106674,77.87317073170729,80.63170731707321,82.2951219512195,1.76,1.63,1.38
"Macao SAR, China",East Asia & Pacific,High income,427782.0,538219.0,631636.0,30.399999618530302,15710.0869270706,52253.1553117325,87208.535912643,80.407,82.704,84.118,0.95,1.093,1.217
North Macedonia,Europe & Central Asia,Upper middle income,2034819.0,2070741.0,2082958.0,25710.0,1854.14595610107,4542.89971678317,6088.97244500876,73.267,74.66199999999999,75.688,1.723,1.4680000000000002,1.496
Madagascar,Sub-Saharan Africa,Low income,15766806.0,21151640.0,26262368.0,587295.0,293.607157402594,471.959197029823,527.501326141803,58.485,63.388000000000005,66.681,5.551,4.603,4.077
Malawi,Sub-Saharan Africa,Low income,11148758.0,14539612.0,18143315.0,118480.0,156.385718599912,478.668589704525,381.25898760108396,45.09,55.56399999999999,63.798,6.098,5.332000000000001,4.209
Malaysia,East Asia & Pacific,Upper middle income,23194257.0,28208035.0,31528585.0,330345.0,4043.6620514339097,9040.56625117172,11377.4550023015,72.594,74.493,75.997,2.784,2.149,2.001
Maldives,South Asia,Upper middle income,279398.0,365734.0,515696.0,300.0,2234.57986558466,7076.662423202379,10276.9328152389,70.173,75.905,78.627,2.7710000000000004,2.206,1.87
Mali,Sub-Saharan Africa,Low income,10946445.0,15049353.0,19077690.0,1240190.0,269.871137691703,710.274202175837,894.8021868580059,48.068999999999996,55.251000000000005,58.893,6.897,6.547000000000001,5.877000000000001
Malta,Middle East & North Africa,High income,390087.0,414508.0,484630.0,320.0,10432.328062168,21799.1743893474,30437.221505896203,78.3487804878049,81.39756097560979,82.44878048780491,1.68,1.36,1.23
Marshall Islands,East Asia & Pacific,Upper middle income,50753.0,56366.0,58413.0,180.0,2272.72279471164,2876.9949969840004,3788.1635937205797,65.2390243902439,,,,,
Mauritania,Sub-Saharan Africa,Lower middle income,2630219.0,3494195.0,4403319.0,1030700.0,676.567658401327,1610.92390847611,1600.87646860561,60.706,62.527,64.704,5.412999999999999,4.98,4.561
Mauritius,Sub-Saharan Africa,High income,1186873.0,1250400.0,1265303.0,2040.0,3929.07549503364,8000.376431821541,11208.3438184474,71.66341463414629,72.9673170731707,74.4163414634146,1.99,1.57,1.41
Mexico,Latin America & Caribbean,Upper middle income,98899845.0,114092963.0,126190788.0,1964375.0,7157.81449985734,9271.398233246391,9686.51378326598,74.34,75.065,74.992,2.716,2.34,2.129
"Micronesia, Fed. Sts.",East Asia & Pacific,Lower middle income,107402.0,102911.0,112640.0,700.0,2171.95024301223,2885.44567636113,3568.291015625,64.55,66.471,67.755,4.3,3.46,3.053
Moldova,Europe & Central Asia,Lower middle income,2923783.0,2861487.0,2706049.0,33850.0,440.67203065326896,2437.52997842423,4233.74343674119,67.006,69.616,71.808,1.435,1.275,1.262
Monaco,Europe & Central Asia,High income,32147.0,35612.0,38682.0,,82367.99127693589,150725.194124207,185829.01796040699,,,,,,
Mongolia,East Asia & Pacific,Lower middle income,2397418.0,2719896.0,3170208.0,1564120.0,474.216896516578,2643.29291416763,4134.98719823511,62.869,67.38,69.689,2.141,2.637,2.895
Montenegro,Europe & Central Asia,Upper middle income,604950.0,619428.0,622227.0,13810.0,1627.0726330439402,6688.31859841187,8846.05652531746,73.22800000000001,75.15100000000001,76.77,1.875,1.76,1.745
Morocco,Middle East & North Africa,Lower middle income,28793679.0,32343389.0,36029138.0,446550.0,1334.9430510438401,2839.9251680593297,3222.20063433213,68.684,74.382,76.453,2.7710000000000004,2.5669999999999997,2.415
Mozambique,Sub-Saharan Africa,Low income,17711927.0,23531574.0,29495962.0,786380.0,319.359584782134,471.904202965834,503.318727177274,48.946000000000005,52.31,60.163000000000004,5.8260000000000005,5.392,4.852
Myanmar,East Asia & Pacific,Lower middle income,46719701.0,50600818.0,53708395.0,676590.0,190.606231910312,979.051630004942,1418.1776234719598,60.063,63.525,66.867,2.878,2.359,2.154
Namibia,Sub-Saharan Africa,Upper middle income,1794571.0,2118874.0,2448255.0,824290.0,2136.4402428148896,5318.00693967195,5495.4289253345205,52.192,56.665,63.373000000000005,3.88,3.6310000000000002,3.3960000000000004
Nauru,East Asia & Pacific,High income,10337.0,10005.0,12704.0,20.0,,4754.0750016078,9762.38930182711,,,,,,
Nepal,South Asia,Lower middle income,23941110.0,27013212.0,28087871.0,147180.0,229.4902871214,592.401097450929,1038.6516470296801,62.288000000000004,67.611,70.47800000000001,3.955,2.542,1.9169999999999998
Netherlands,Europe & Central Asia,High income,15925513.0,16615394.0,17231624.0,41540.0,26149.41107829,50950.0343435181,53044.5324352253,77.9878048780488,80.7024390243902,81.8121951219512,1.72,1.79,1.59
New Caledonia,East Asia & Pacific,High income,213230.0,249750.0,284060.0,18580.0,12579.595105586399,,,75.16341463414629,77.25912213442929,77.14878048780491,2.59,2.2,1.97
New Zealand,East Asia & Pacific,High income,3857700.0,4350700.0,4841000.0,267710.0,13641.102718382199,33700.126039246,42949.9305849512,78.6365853658537,80.7024390243902,81.85853658536591,1.98,2.17,1.71
Nicaragua,Latin America & Caribbean,Lower middle income,5069302.0,5824065.0,6465513.0,130370.0,1007.5014286172301,1503.8704232313598,2020.5519299638102,69.527,72.428,74.275,3.111,2.6010000000000004,2.404
Niger,Sub-Saharan Africa,Low income,11331557.0,16464025.0,22442948.0,1267000.0,197.341405940847,476.869532167304,572.427154260028,49.928000000000004,57.333,62.023999999999994,7.678999999999999,7.473,6.912999999999999
Nigeria,Sub-Saharan Africa,Lower middle income,122283850.0,158503197.0,195874740.0,923770.0,567.930736009565,2280.43742370522,2027.77797925505,46.266999999999996,50.896,54.332,6.106,5.8389999999999995,5.3870000000000005
Northern Mariana Islands,East Asia & Pacific,High income,57453.0,53971.0,56882.0,460.0,,14804.2467250931,23258.675855279398,,,,,,
Norway,Europe & Central Asia,High income,4490967.0,4889252.0,5311916.0,625217.109375,38131.4606116242,87693.7900658099,81734.4655736102,78.6341463414634,80.9975609756098,82.7585365853659,1.85,1.95,1.56
Oman,Middle East & North Africa,High income,2267973.0,3041434.0,4829483.0,309500.0,8601.27193227855,18712.5762976474,16521.1822816125,72.126,75.682,77.633,3.716,2.873,2.888
Pakistan,South Asia,Lower middle income,142343578.0,179424641.0,212215030.0,796100.0,576.195600593124,987.409723043923,1482.30566684338,62.82,65.264,67.11399999999999,5.037,3.951,3.51
Palau,East Asia & Pacific,High income,19105.0,17955.0,17907.0,460.0,7657.550379481809,10356.0568086884,15660.674596526498,70.49365853658541,,,1.83,,
Panama,Latin America & Caribbean,High income,3030328.0,3642687.0,4176873.0,75420.0,4060.32449292618,8082.028458662521,15592.573678921999,75.06,76.792,78.329,2.7439999999999998,2.622,2.461
Papua New Guinea,East Asia & Pacific,Lower middle income,5847586.0,7310507.0,8606316.0,462840.0,602.186902266008,1949.3525170699697,2801.37399744404,59.265,62.028999999999996,64.263,4.525,3.985,3.5639999999999996
Paraguay,Latin America & Caribbean,Upper middle income,5323201.0,6248020.0,6956071.0,406751.9921875,1663.6052517195099,4355.93493867734,5805.67561638869,70.546,72.653,74.131,3.553,2.73,2.4290000000000003
Peru,Latin America & Caribbean,Upper middle income,26459944.0,29027674.0,31989256.0,1285220.0,1955.5880062789602,5082.35475666351,6941.235847630121,71.111,74.41,76.516,2.845,2.546,2.254
Philippines,East Asia & Pacific,Lower middle income,77991755.0,93966780.0,106651922.0,300000.0,1072.8090643427802,2217.47400857231,3252.09232413346,68.793,69.82300000000001,71.095,3.8110000000000004,3.18,2.576
Poland,Europe & Central Asia,High income,38258629.0,38042794.0,37974750.0,312680.0,4501.454067422729,12613.010995468101,15468.4822194105,73.74878048780491,76.2463414634146,77.60243902439029,1.37,1.41,1.46
Portugal,Europe & Central Asia,High income,10289898.0,10573100.0,10283822.0,92225.595703125,11497.7534604525,22498.690858655697,23562.5545228191,76.31463414634149,79.0268292682927,81.3243902439024,1.55,1.39,1.42
Puerto Rico,Latin America & Caribbean,High income,3810605.0,3721525.0,3193354.0,8870.0,16192.126971963798,26435.74878578,31621.893470000497,76.68926829268291,78.41909756097559,79.7781951219512,2.0485,1.6235,1.035
Qatar,Middle East & North Africa,High income,592468.0,1856327.0,2781677.0,11610.0,29976.117039047003,67403.1602978106,65908.0669010848,77.467,79.108,80.1,3.236,2.07,1.8659999999999999
Romania,Europe & Central Asia,High income,22442971.0,20246871.0,19472545.0,238400.0,1659.9076395454802,8214.076892898109,12399.889335731,71.16341463414629,73.4585365853659,75.35853658536591,1.31,1.59,1.76
Russian Federation,Europe & Central Asia,Upper middle income,146596869.0,142849468.0,144477860.0,17098250.0,1771.59405905827,10674.9957825675,11370.813455931398,65.4836585365854,68.8412195121951,72.6573170731707,1.195,1.567,1.57
Rwanda,Sub-Saharan Africa,Low income,7933681.0,10039338.0,12301939.0,26340.0,260.778016134062,610.012400560673,783.287184222986,48.648999999999994,63.433,68.7,5.64,4.52,4.044
Samoa,East Asia & Pacific,Upper middle income,174454.0,185949.0,196130.0,2840.0,1542.06673580116,3566.3623781257597,4188.52834612851,68.748,71.663,73.187,4.503,4.338,3.877
San Marino,Europe & Central Asia,High income,27462.0,31229.0,33785.0,60.0,36601.8275523984,60239.3407070333,48995.142001902306,,,,,,
São Tomé and Principe,Sub-Saharan Africa,Lower middle income,142262.0,180371.0,211028.0,960.0,,1090.2648778266698,1953.58828993582,61.365,67.43,70.17,5.176,4.727,4.321000000000001
Saudi Arabia,Middle East & North Africa,High income,20663843.0,27421461.0,33699947.0,2149690.0,9171.33014525259,19262.5525186107,23338.9634580718,72.561,73.917,74.998,3.971,2.97,2.319
Senegal,Sub-Saharan Africa,Lower middle income,9797734.0,12678148.0,15854360.0,196710.0,604.654066013211,1280.22546972155,1465.5910064019101,57.787,64.28399999999999,67.665,5.4479999999999995,5.064,4.625
Serbia,Europe & Central Asia,Upper middle income,7516346.0,7291436.0,6982604.0,88360.0,914.785719885861,5735.42285659849,7252.401857739921,71.58292682926829,74.33658536585371,75.890243902439,1.48,1.4,1.49
Seychelles,Sub-Saharan Africa,High income,81131.0,89770.0,96762.0,460.0,7578.85105298845,10804.6844747547,16390.8249080053,72.7780487804878,73.1975609756098,72.84146341463409,2.08,2.16,2.41
Sierra Leone,Sub-Saharan Africa,Low income,4584571.0,6415634.0,7650154.0,72300.0,138.698692243778,401.835001366837,533.991184258936,39.441,49.382,54.309,6.319,5.202000000000001,4.263
Singapore,East Asia & Pacific,High income,4027887.0,5076732.0,5638676.0,719.0000152587891,23852.3270285975,47236.9602345421,66188.7793961798,77.9512195121951,81.5414634146342,83.14634146341459,1.6,1.15,1.14
Sint Maarten (Dutch part),Latin America & Caribbean,High income,30519.0,34056.0,40654.0,,,,29160.1038110689,,,,,,
Slovak Republic,Europe & Central Asia,High income,5388720.0,5391428.0,5446771.0,49030.0,5413.15062068807,16750.7974416083,19406.3475337924,73.05121951219509,75.1121951219512,77.2658536585366,1.3,1.43,1.54
Slovenia,Europe & Central Asia,High income,1988925.0,2048583.0,2073894.0,20675.0,10201.3035366727,23509.5431355463,26115.9133661854,75.4121951219512,79.42195121951221,81.37804878048779,1.26,1.57,1.6
Solomon Islands,East Asia & Pacific,Lower middle income,412660.0,527861.0,652858.0,28900.0,1040.00719387833,1604.20582993513,2441.51739308263,67.442,70.67399999999999,72.835,4.718999999999999,4.4030000000000005,4.4030000000000005
Somalia,Sub-Saharan Africa,Low income,8872254.0,12043883.0,15008154.0,637660.0,,,,50.869,53.99,57.068000000000005,7.627000000000001,6.865,6.072
South Africa,Sub-Saharan Africa,Upper middle income,44967708.0,51216964.0,57779622.0,1219090.0,3032.42713820462,7328.6156289396595,6374.02819575944,56.048,57.669,63.857,2.694,2.5980000000000003,2.405
South Sudan,Sub-Saharan Africa,Low income,6199394.0,9508364.0,10975920.0,,,1535.7081839684101,,49.166000000000004,54.8,57.604,6.223,5.376,4.696000000000001
Spain,Europe & Central Asia,High income,40567864.0,46576897.0,46797754.0,505935.0,14713.0657111519,30502.7197080776,30389.3609902899,78.9658536585366,81.62682926829271,83.4317073170732,1.22,1.37,1.26
Sri Lanka,South Asia,Lower middle income,18777601.0,20261737.0,21670000.0,65610.0,869.6965166091569,2799.64887619972,4080.56712469552,71.333,75.439,76.812,2.24,2.248,2.199
St. Kitts and Nevis,Latin America & Caribbean,High income,44083.0,49011.0,52438.0,260.0,9560.90386718302,15510.199146525702,19276.5212674439,,,,,,
St. Lucia,Latin America & Caribbean,Upper middle income,156729.0,174085.0,181889.0,620.0,5950.35119596624,8540.414378246469,11357.8890096382,73.319,74.852,76.057,2.202,1.538,1.436
St. Martin (French part),Latin America & Caribbean,High income,28935.0,37582.0,37264.0,,,,,76.9707317073171,78.7219512195122,79.87073170731709,1.83,1.82,1.81
St. Vincent and the Grenadines,Latin America & Caribbean,Upper middle income,107784.0,108255.0,110210.0,390.0,3676.4396419725604,6292.78948709922,7361.4009618002,70.809,71.77600000000001,72.415,2.379,2.07,1.891
Sudan,Sub-Saharan Africa,Low income,27275015.0,34545013.0,41801533.0,,366.17280759380697,1401.47747416771,623.867252394076,58.472,62.763999999999996,65.095,5.471,4.876,4.407
Suriname,Latin America & Caribbean,Upper middle income,470944.0,529126.0,575987.0,163820.0,2012.28165067815,8255.87487222955,6015.16460686684,67.822,70.465,71.57,2.895,2.61,2.418
Eswatini,Sub-Saharan Africa,Lower middle income,1005435.0,1064837.0,1136191.0,17360.0,1728.70533953017,4168.50517706719,4106.1971526456,47.49,46.601000000000006,59.401,3.915,3.342,2.99
Sweden,Europe & Central Asia,High income,8872109.0,9378126.0,10175214.0,447430.0,29624.9126748618,52869.0442891587,54589.0603860606,79.64390243902442,81.4512195121951,82.5585365853659,1.54,1.98,1.76
Switzerland,Europe & Central Asia,High income,7184250.0,7824909.0,8514329.0,41290.400390625,37868.3230348534,74605.7210819748,82818.1081617471,79.6804878048781,82.24634146341471,83.7536585365854,1.5,1.52,1.52
Syrian Arab Republic,Middle East & North Africa,Low income,16410848.0,21362529.0,16906283.0,185180.0,1177.62926773348,,,73.11,72.108,71.779,4.0760000000000005,3.404,2.8080000000000003
Tajikistan,Europe & Central Asia,Low income,6216341.0,7527394.0,9100837.0,141380.0,138.42887951268298,749.552711015842,826.6215305387041,61.974,68.736,70.87899999999999,3.967,3.5989999999999998,3.585
Tanzania,Sub-Saharan Africa,Lower middle income,33499180.0,44346525.0,56318348.0,947300.0,410.95232759310096,743.403784726004,1060.99461489421,50.801,58.583999999999996,65.015,5.689,5.4270000000000005,4.8919999999999995
Thailand,East Asia & Pacific,Upper middle income,62952642.0,67195028.0,69428524.0,513120.0,2007.7351750668302,5076.340174387079,7295.47561612095,70.623,74.184,76.931,1.671,1.5419999999999998,1.525
Timor-Leste,East Asia & Pacific,Lower middle income,884366.0,1093523.0,1267972.0,14870.0,415.085948577851,806.4091015918269,1230.2281911588,59.001999999999995,67.186,69.26,6.1129999999999995,4.805,4.023
Togo,Sub-Saharan Africa,Low income,4924402.0,6421679.0,7889094.0,56790.0,302.206394294343,534.044366810198,679.97276057805,53.49100000000001,57.468,60.76,5.419,4.868,4.32
Tonga,East Asia & Pacific,Upper middle income,97973.0,103986.0,103197.0,750.0,2090.8780473688003,3527.78270577121,4740.79214895188,69.667,70.059,70.801,4.25,3.9130000000000003,3.556
Trinidad and Tobago,Latin America & Caribbean,High income,1267153.0,1328147.0,1389858.0,5130.0,6435.16468252829,16683.3553787376,17129.9130902577,69.413,71.946,73.38,1.7530000000000001,1.806,1.725
Tunisia,Middle East & North Africa,Lower middle income,9708350.0,10635244.0,11565204.0,163610.0,2211.82681728547,4141.97635336459,3438.7890891462703,73.172,75.041,76.505,2.142,2.14,2.197
Turkey,Europe & Central Asia,Upper middle income,63240194.0,72326988.0,82319724.0,785350.0,4337.47814131056,10742.4300726761,9455.59365384828,70.005,74.507,77.437,2.503,2.151,2.069
Turkmenistan,Europe & Central Asia,Upper middle income,4516133.0,5087213.0,5850908.0,488100.0,643.174725992465,4439.20038235805,6966.63541063077,63.613,66.657,68.07300000000001,2.824,2.833,2.786
Turks and Caicos Islands,Latin America & Caribbean,High income,20164.0,32660.0,37665.0,950.0,,21028.4078383344,29554.705960440697,,,,,,
Tuvalu,East Asia & Pacific,Upper middle income,9394.0,10530.0,11508.0,30.0,1462.8546998182599,3022.1765071639697,3700.74426252192,,,,,,
Uganda,Sub-Saharan Africa,Low income,23650172.0,32428167.0,42723139.0,241550.0,261.868997701026,819.007315885977,770.452453254239,46.229,57.099,62.973,6.8660000000000005,6.111000000000001,4.955
Ukraine,Europe & Central Asia,Lower middle income,49176500.0,45870741.0,44622518.0,603550.0,635.700535075575,2965.13971520617,3096.81740221352,67.6756097560976,70.2653658536586,71.5826829268293,1.11,1.443,1.301
United Arab Emirates,Middle East & North Africa,High income,3134062.0,8549988.0,9630959.0,83600.0,33291.419366352995,33893.303514039,43839.3563491413,74.327,76.332,77.814,2.6439999999999997,1.819,1.413
United Kingdom,Europe & Central Asia,High income,58892514.0,62766365.0,66460344.0,243610.0,28149.8700107891,39435.8399018505,43043.227816455095,77.7414634146342,80.4024390243902,81.25609756097559,1.64,1.92,1.68
United States,North America,High income,282162411.0,309321666.0,326687501.0,9831510.0,36334.9087770589,48467.515776925895,62996.4712852605,76.6365853658537,78.5414634146342,78.5390243902439,2.056,1.931,1.7295
Uruguay,Latin America & Caribbean,High income,3319736.0,3359275.0,3449299.0,176220.0,6875.02132792057,11992.016626633502,17277.9701105496,74.73100000000001,76.75,77.77,2.237,2.011,1.973
Uzbekistan,Europe & Central Asia,Lower middle income,24650400.0,28562400.0,32956100.0,447400.0,558.226802377,1634.3120953971802,1529.0828635133498,67.156,69.672,71.57300000000001,2.58,2.342,2.419
Vanuatu,East Asia & Pacific,Lower middle income,184972.0,236211.0,292680.0,12190.0,1470.57226526613,2966.8571159867797,3125.25798900649,67.363,69.123,70.32300000000001,4.492,4.1,3.782
"Venezuela, RB",Latin America & Caribbean,Upper middle income,24192446.0,28439940.0,28870195.0,912050.0,4842.03720158812,13825.3580883312,,72.112,73.134,72.128,2.822,2.471,2.272
Vietnam,East Asia & Pacific,Lower middle income,79910412.0,87967651.0,95540395.0,331230.0,390.09332605263296,1317.89070617836,2566.59694958511,73.025,74.837,75.317,2.01,1.9380000000000002,2.049
Virgin Islands (U.S.),Latin America & Caribbean,High income,108642.0,108358.0,106977.0,350.0,,40043.1901659314,,76.619512195122,77.9658536585366,79.5682926829268,2.06,2.3,2.06
West Bank and Gaza,Middle East & North Africa,Lower middle income,2922153.0,3786161.0,4569087.0,6020.0,1476.17185000238,2557.0756235669896,3562.3309427025606,71.02199999999999,72.788,73.895,5.382999999999999,4.437,3.6430000000000002
"Yemen, Rep.",Middle East & North Africa,Low income,17409072.0,23154855.0,28498687.0,527970.0,554.448633427793,1334.78484461341,824.1176287290939,60.683,65.54899999999999,66.096,6.313,4.6739999999999995,3.792
Zambia,Sub-Saharan Africa,Lower middle income,10415944.0,13605984.0,17351822.0,752610.0,345.68955437284797,1489.45930583593,1516.39066079862,44.0,55.655,63.51,6.0360000000000005,5.415,4.633
Zimbabwe,Sub-Saharan Africa,Lower middle income,11881477.0,12697723.0,14439018.0,390760.0,563.057741053574,948.33185445926,1683.74057709465,44.648999999999994,50.64,61.195,3.748,4.034,3.615
